<?xml version="1.0" encoding="UTF-8"?>
<project-private xmlns="http://www.netbeans.org/ns/project-private/1">
    <editor-bookmarks xmlns="http://www.netbeans.org/ns/editor-bookmarks/2" lastBookmarkId="0"/>
    <open-files xmlns="http://www.netbeans.org/ns/projectui-open-files/2">
        <group>
            <file>file:/home/anil/NetBeansProjects/BookStore1/src/bookstore1/NewJFrame.java</file>
            <file>file:/home/anil/NetBeansProjects/BookStore1/src/bookstore1/BookStore1.java</file>
            <file>file:/home/anil/NetBeansProjects/BookStore1/src/bookstore1/admin.java</file>
        </group>
    </open-files>
</project-private>
